name,categories,address,phone,rating,url
Indigo Riverview,Apartments,"99 N Main St,
Memphis, TN 38103",,BBB Rating: D+,https://www.bbb.org/us/tn/memphis/profile/apartments/indigo-riverview-0543-44182146
99 Front Street,"Property Management, Apartments, Real Estate Consultant","99 S Front St,
Memphis, TN 38103",(901) 767-6500,BBB Rating: A+,https://www.bbb.org/us/tn/memphis/profile/property-management/fogelman-properties-inc-0543-1144
The Renaissance Apartments,Apartments,"99 N Main St,
Memphis, TN 38103",(901) 527-8057,BBB Rating: B-,https://www.bbb.org/us/tn/memphis/profile/apartments/the-renaissance-apartments-0543-44026893
2nd Street Flats,Apartments,"275 South Second Street,
Memphis, TN 38103",(901) 774-8000,BBB Rating: A+,https://www.bbb.org/us/tn/memphis/profile/apartments/2nd-street-flats-0543-44141711
"Fogelman Properties, Inc.","Property Management, Apartments, Real Estate Consultant","495 Tennessee Street,
Memphis, TN 38103",(833) 706-9514,BBB Rating: A+,https://www.bbb.org/us/tn/memphis/profile/property-management/fogelman-properties-inc-0543-1144
"Fogelman Properties, Inc.","Property Management, Apartments, Real Estate Consultant","671 Harbor Town Edge Dr,
Memphis, TN 38103",(833) 831-3097,BBB Rating: A+,https://www.bbb.org/us/tn/memphis/profile/property-management/fogelman-properties-inc-0543-1144
Envolve Communities,"Property Management, Apartments","Metro 67 67 Madison Avenue,
Memphis, TN 38103",(901) 435-7700,BBB Rating: A+,https://www.bbb.org/us/tn/memphis/profile/property-management/envolve-communities-0543-11834
Envolve Communities,"Property Management, Apartments","Adler Apartments 267 S. Main,
Memphis, TN 38103",(901) 523-0555,BBB Rating: A+,https://www.bbb.org/us/tn/memphis/profile/property-management/envolve-communities-0543-11834
Envolve Communities,"Property Management, Apartments","Gayoso House 130 S. Front Street,
Memphis, TN 38103",(901) 435-7700,BBB Rating: A+,https://www.bbb.org/us/tn/memphis/profile/property-management/envolve-communities-0543-11834
Madison Tower Apartments,Apartments,"383 Madison Ave,
Memphis, TN 38103",(901) 521-0003,BBB Rating: A+,https://www.bbb.org/us/tn/memphis/profile/apartments/madison-tower-apartments-0543-44059523
Grand Island Apartments,Apartments,"300 Grand Island Drive,
Memphis, TN 38103",(901) 522-1212,BBB Rating: A+,https://www.bbb.org/us/tn/memphis/profile/apartments/grand-island-apartments-0543-44078667
Envolve Communities,"Property Management, Apartments","Chisca on Main 272 S Main St,
Memphis, TN 38103-1608",(901) 435-7700,BBB Rating: A+,https://www.bbb.org/us/tn/memphis/profile/property-management/envolve-communities-0543-11834
Number 10 Main Apartments,Apartments,"10 S Main St,
Memphis, TN 38103-2454",,BBB Rating: A-,https://www.bbb.org/us/tn/memphis/profile/apartments/number-10-main-apartments-0543-44169908
"ALCO Management, Inc.","Property Management, Apartments","35 Union Ave Ste 300,
Memphis, TN 38103-2417",(901) 544-1705,BBB Rating: A+,https://www.bbb.org/us/tn/memphis/profile/property-management/alco-management-inc-0543-24000191
Belle Harbour Apartments,Apartments,"1298 Mount Hope Dr,
Memphis, TN 38103-1002",(901) 543-8335,BBB Rating: A+,https://www.bbb.org/us/tn/memphis/profile/apartments/belle-harbour-apartments-0543-44041183
The Grove on Island Drive,Apartments,"1298 Mount Hope Dr,
Memphis, TN 38103-1002",(901) 543-8330,BBB Rating: NR,https://www.bbb.org/us/tn/memphis/profile/apartments/the-grove-on-island-drive-0543-44021678
Grand Island Apartments,Apartments,"444 Island Dr,
Memphis, TN 38103-2525",(901) 522-1212,BBB Rating: A+,https://www.bbb.org/us/tn/memphis/profile/apartments/grand-island-apartments-0543-44078667
Grand Island Apartments,Apartments,"300 Island Dr,
Memphis, TN 38103-2525",(901) 522-1212,BBB Rating: A+,https://www.bbb.org/us/tn/memphis/profile/apartments/grand-island-apartments-0543-44078667
Riverset Apartments,Apartments,"100 Riverset Ln,
Memphis, TN 38103-0902",(901) 236-0449,BBB Rating: C,https://www.bbb.org/us/tn/memphis/profile/apartments/riverset-apartments-0543-44075600
"H.M. Heckle & Company, Inc.","Property Management, Apartments, Real Estate Rentals","560 Jefferson Place (Jefferson Place Apartments),
Memphis, TN 38105",(901) 761-0655,BBB Rating: A+,https://www.bbb.org/us/tn/memphis/profile/property-management/hm-heckle-company-inc-0543-6815
"ALCO Management, Inc.","Property Management, Apartments","252 N Lauderdale St (Uptown Square),
Memphis, TN 38105-3620",(901) 523-9402,BBB Rating: A+,https://www.bbb.org/us/tn/memphis/profile/property-management/alco-management-inc-0543-24000191
Envolve Communities,"Property Management, Apartments","838 Walker Ave,
Memphis, TN 38126-5915",(901) 435-7700,BBB Rating: A+,https://www.bbb.org/us/tn/memphis/profile/property-management/envolve-communities-0543-11834
Envolve Communities,"Property Management, Apartments","College Park Family II,
Memphis, TN 38126",(901) 435-7700,BBB Rating: A+,https://www.bbb.org/us/tn/memphis/profile/property-management/envolve-communities-0543-11834
"ALCO Management, Inc.","Property Management, Apartments","460 S Lauderdale St (Cleaborn Pointe @ Heritage Landing Senior),
Memphis, TN 38126-1500",(901) 572-2303,BBB Rating: A+,https://www.bbb.org/us/tn/memphis/profile/property-management/alco-management-inc-0543-24000191
Wesley Housing Corporation of Memphis,"Adult Family Homes, Apartments, Nursing Home","855 S Fourth St,
Memphis, TN 38126",(901) 744-0151,BBB Rating: A+,https://www.bbb.org/us/tn/cordova/profile/adult-family-homes/wesley-housing-corporation-of-memphis-0543-11002318
Mason Homes on 4th St,Apartments,"900 4th St,
Memphis, TN 38126",(901) 748-5524,BBB Rating: A+,https://www.bbb.org/us/tn/memphis/profile/apartments/mason-homes-on-4th-st-0543-44136197
Uptown Flats,Apartments,"645 N Main St,
Memphis, TN 38107-3631",(901) 245-6151,BBB Rating: A+,https://www.bbb.org/us/tn/memphis/profile/apartments/uptown-flats-0543-44141721
Envolve Communities,"Property Management, Apartments","Riverbend Place Apts 648 North Main #101,
Memphis, TN 38107",(901) 577-1447,BBB Rating: A+,https://www.bbb.org/us/tn/memphis/profile/property-management/envolve-communities-0543-11834
"ALCO Management, Inc.","Property Management, Apartments","374 Mill Ave (The Metropolitan-Greenlawn Apts),
Memphis, TN 38107-1420",(901) 544-1705,BBB Rating: A+,https://www.bbb.org/us/tn/memphis/profile/property-management/alco-management-inc-0543-24000191
"ALCO Management, Inc.","Property Management, Apartments","994 N Watkins St (Saints Court Apartments),
Memphis, TN 38107-2933",(901) 274-8333,BBB Rating: A+,https://www.bbb.org/us/tn/memphis/profile/property-management/alco-management-inc-0543-24000191
Crockett Place Apartments,Apartments,"884 Crockett St,
Memphis, TN 38107-4212",,BBB Rating: A,https://www.bbb.org/us/tn/memphis/profile/apartments/crockett-place-apartments-0543-44169120
Chicago Park Place Apartment,Apartments,"1415 Breedlove St,
Memphis, TN 38107-1209",(901) 544-1902,BBB Rating: NR,https://www.bbb.org/us/tn/memphis/profile/apartments/chicago-park-place-apartment-0543-44141621
University Gardens Manor,Apartments,"2059 N Cabana Cir,
Memphis, TN 38107-3202",(901) 276-4439,BBB Rating: A+,https://www.bbb.org/us/tn/memphis/profile/apartments/university-gardens-manor-0543-44083362
Longview Heights Apartments,Apartments,"1953 Philsar St,
Memphis, TN 38106-7117",(901) 922-5275,BBB Rating: A,https://www.bbb.org/us/tn/memphis/profile/apartments/longview-heights-apartments-0543-44169303
2nd Street Flats,Apartments,"362 South Second St,
Memphis, TN 38106",(901) 245-6152,BBB Rating: A+,https://www.bbb.org/us/tn/memphis/profile/apartments/2nd-street-flats-0543-44141711
Longview Garden Apartments,Apartments,"1726 S Orleans St,
Memphis, TN 38106-6402",(901) 244-6939,BBB Rating: F,https://www.bbb.org/us/tn/memphis/profile/apartments/longview-garden-apartments-0543-44141434
Latham Heights Apartments,Apartments,"340 S Parkway E Apt 13,
Memphis, TN 38106-5300",(901) 596-7409,BBB Rating: NR,https://www.bbb.org/us/tn/memphis/profile/apartments/latham-heights-apartments-0543-44044727
Crescent Bluff I Apartments,Apartments,"46 Crescent Bluff Ct,
Memphis, TN 38106-4524",(901) 774-8000,BBB Rating: A+,https://www.bbb.org/us/tn/memphis/profile/apartments/crescent-bluff-i-apartments-0543-44141713
Crescent Bluff I Apartments,Apartments,"25 E Virginia Ave,
Memphis, TN 38106-1757",(901) 774-8000,BBB Rating: A+,https://www.bbb.org/us/tn/memphis/profile/apartments/crescent-bluff-i-apartments-0543-44141713
Crescent Bluff II Apartments,Apartments,"10 East Virginia Avenue,
Memphis, TN 38106",(901) 435-6358,BBB Rating: A,https://www.bbb.org/us/tn/memphis/profile/apartments/crescent-bluff-ii-apartments-0543-44141714
Cane Creek Apartments,Apartments,"1528 Ragan St,
Memphis, TN 38106-6103",(901) 774-8882,BBB Rating: A+,https://www.bbb.org/us/tn/memphis/profile/apartments/cane-creek-apartments-0543-44141712
Patterson Flats Apartments,Apartments,"270 E. G.E. Patterson,
Memphis, TN 38106",(901) 306-2195,BBB Rating: A,https://www.bbb.org/us/tn/memphis/profile/apartments/patterson-flats-apartments-0543-44141719
City View Towers,Apartments,"256 S Camilla St,
Memphis, TN 38104-3335",(901) 410-1035,BBB Rating: B-,https://www.bbb.org/us/tn/memphis/profile/apartments/city-view-towers-0543-44082610
"Fogelman Properties, Inc.","Property Management, Apartments, Real Estate Consultant","205 Pasadena Pl (Bristol on Union),
Memphis, TN 38104-6628",(833) 648-9602,BBB Rating: A+,https://www.bbb.org/us/tn/memphis/profile/property-management/fogelman-properties-inc-0543-1144
Eleven 60,Apartments,"125 N Bellevue Blvd,
Memphis, TN 38104",(901) 453-7074,BBB Rating: A+,https://www.bbb.org/us/tn/memphis/profile/apartments/eleven-60-0543-44081816
Eleven 60,Apartments,"1160 Jefferson Ave Apt 17,
Memphis, TN 38104-7219",(901) 233-7443,BBB Rating: A+,https://www.bbb.org/us/tn/memphis/profile/apartments/eleven-60-0543-44081816
Pauline Place Apartments,"Property Management, Apartments","23 S Pauline St,
Memphis, TN 38104-3111",(901) 523-8222,BBB Rating: C+,https://www.bbb.org/us/tn/memphis/profile/property-management/pauline-place-apartments-0543-44002189
"Broadmoor Property Management, LLC","Property Management, Apartments","306 S Cleveland St STE 1,
Memphis, TN 38104-3582",(901) 276-3607,BBB Rating: A+,https://www.bbb.org/us/tn/memphis/profile/property-management/broadmoor-property-management-llc-0543-44010778
The Venue Apartments,Apartments,"1387 Central Avenue,
Memphis, TN 38104",(901) 276-3100,BBB Rating: A+,https://www.bbb.org/us/tn/memphis/profile/apartments/the-venue-apartments-0543-44043474
University Place Apartments,Apartments,"1045 E Eh Crump Blvd,
Memphis, TN 38104-6211",,BBB Rating: A+,https://www.bbb.org/us/tn/memphis/profile/apartments/university-place-apartments-0543-44066741
The Pinnacle Apartment,Apartments,"305 Bellevue,
Memphis, TN 38104",(901) 726-1575,BBB Rating: A+,https://www.bbb.org/us/tn/memphis/profile/apartments/the-pinnacle-apartment-0543-44036624
Park Towers Apartments,Apartments,"57 N. Somerville Street,
Memphis, TN 38104",(901) 523-0068,BBB Rating: A+,https://www.bbb.org/us/tn/memphis/profile/apartments/park-towers-apartments-0543-44007865
Maureen Manor,Apartments,"3073 Nathan,
Memphis, TN 38112",(901) 323-8181,BBB Rating: B-,https://www.bbb.org/us/tn/memphis/profile/apartments/maureen-manor-0543-44023070
"H.M. Heckle & Company, Inc.","Property Management, Apartments, Real Estate Rentals","2451 Union Ave (Georgian Woods),
Memphis, TN 38112",(901) 761-0655,BBB Rating: A+,https://www.bbb.org/us/tn/memphis/profile/property-management/hm-heckle-company-inc-0543-6815
"H.M. Heckle & Company, Inc.","Property Management, Apartments, Real Estate Rentals","2451 Union Avenue (Georgian Woods Apartments),
Memphis, TN 38112",(901) 761-0655,BBB Rating: A+,https://www.bbb.org/us/tn/memphis/profile/property-management/hm-heckle-company-inc-0543-6815
"H.M. Heckle & Company, Inc.","Property Management, Apartments, Real Estate Rentals","1960 N Parkway (Parkway House( Condos),
Memphis, TN 38112",(901) 761-0655,BBB Rating: A+,https://www.bbb.org/us/tn/memphis/profile/property-management/hm-heckle-company-inc-0543-6815
Galloway Gardens,Apartments,"1571 Galloway Ave,
Memphis, TN 38112-4990",(901) 272-0404,BBB Rating: A+,https://www.bbb.org/us/tn/memphis/profile/apartments/galloway-gardens-0543-44150081
"ALCO Management, Inc.","Property Management, Apartments","203 E Red Oak Dr (Chickasaw Place Apartments),
Memphis, TN 38112-4616",(901) 454-1718,BBB Rating: A+,https://www.bbb.org/us/tn/memphis/profile/property-management/alco-management-inc-0543-24000191
"ALCO Management, Inc.","Property Management, Apartments","281 Johnson Cir W (Eastern Heights),
Memphis, TN 38112-4215",(901) 458-3283,BBB Rating: A+,https://www.bbb.org/us/tn/memphis/profile/property-management/alco-management-inc-0543-24000191
"Naylo Enterprises, Inc.",Apartments,"280 Buena Vista Pl Apt 2,
Memphis, TN 38112-5412",(901) 272-2135,BBB Rating: A+,https://www.bbb.org/us/tn/memphis/profile/apartments/naylo-enterprises-inc-0543-44043210
Love Tunica Apartments,Apartments,"1188 tunica st,
Memphis, TN 38108",(901) 779-8137,BBB Rating: A-,https://www.bbb.org/us/tn/memphis/profile/apartments/love-tunica-apartments-0543-44157215
Howell Garden Apartments,Apartments,"2240 Howell Ave,
Memphis, TN 38108-3148",(901) 866-9598,BBB Rating: A+,https://www.bbb.org/us/tn/memphis/profile/apartments/howell-garden-apartments-0543-44072841
Goodwill Village Apartments,Apartments,"2510 Peres Ave Ste 3,
Memphis, TN 38108-4617",(901) 458-3803,BBB Rating: A+,https://www.bbb.org/us/tn/memphis/profile/apartments/goodwill-village-apartments-0543-44058316
Festival Square Apartments,Apartments,"3867 Pikes Peak Ave,
Memphis, TN 38108-2155",(901) 377-5900,BBB Rating: A+,https://www.bbb.org/us/tn/memphis/profile/apartments/festival-square-apartments-0543-44073778
"ALCO Management, Inc.","Property Management, Apartments","2570 Woodcliff Dr,
Memphis, TN 38127-1200",(901) 544-1705,BBB Rating: A+,https://www.bbb.org/us/tn/memphis/profile/property-management/alco-management-inc-0543-24000191
Cooper-Young Apartments,Apartments,"1103 S Cooper St,
Memphis, TN 38114-6746",(901) 579-9210,BBB Rating: A+,https://www.bbb.org/us/tn/memphis/profile/apartments/cooper-young-apartments-0543-44138784
EL Dorado Apartments,Apartments,"2743 Ketchum Rd,
Memphis, TN 38114-7311",(901) 435-6302,BBB Rating: F,https://www.bbb.org/us/tn/memphis/profile/apartments/el-dorado-apartments-0543-44080374
Frisco Court Apartments,Apartments,"975 FRISCO AVE #4,
Memphis, TN 38114",(901) 577-3000,BBB Rating: NR,https://www.bbb.org/us/tn/memphis/profile/apartments/frisco-court-apartments-0543-44062726
Frisco Court Apartments,Apartments,"1875 Keltner Cir,
Memphis, TN 38114-4609",(901) 577-3000,BBB Rating: NR,https://www.bbb.org/us/tn/memphis/profile/apartments/frisco-court-apartments-0543-44062726
Barron Court Apartments,Apartments,"1175 Barron Ct,
Memphis, TN 38114-4043",(901) 590-2602,BBB Rating: D+,https://www.bbb.org/us/tn/memphis/profile/apartments/barron-court-apartments-0543-44177957
Willow Oaks Apartment,Apartments,"2459 Ketchum Road,
Memphis, TN 38114",(901) 745-8333,BBB Rating: A+,https://www.bbb.org/us/tn/memphis/profile/apartments/willow-oaks-apartment-0543-44065695
Pendleton Place Apartments,Apartments,"1780 Pendleton St,
Memphis, TN 38114-3832",(901) 744-3945,BBB Rating: F,https://www.bbb.org/us/tn/memphis/profile/apartments/pendleton-place-apartments-0543-44061666
"My Management, LLC",Apartments,"1875 Keltner Cir,
Memphis, TN 38114-4609",(901) 345-1745,BBB Rating: F,https://www.bbb.org/us/tn/memphis/profile/apartments/my-management-llc-0543-44038454
Crockett Park Place Apartments,Apartments,"2645 Davey Dr,
Memphis, TN 38127-2814",(901) 353-0283,BBB Rating: A+,https://www.bbb.org/us/tn/memphis/profile/apartments/crockett-park-place-apartments-0543-44141715
Trezevant Apartments,Apartments,"3431 Trezevant,
Memphis, TN 38127",(901) 337-0300,BBB Rating: A+,https://www.bbb.org/us/tn/memphis/profile/apartments/trezevant-apartments-0543-44153738
"ALCO Management, Inc.","Property Management, Apartments","2801 Raja Rd (Breezy Point Apartments),
Memphis, TN 38127-7919",(901) 358-1328,BBB Rating: A+,https://www.bbb.org/us/tn/memphis/profile/property-management/alco-management-inc-0543-24000191
"ALCO Management, Inc.","Property Management, Apartments","3131 Madewell St (Greenbriar Apartments),
Memphis, TN 38127-6217",(901) 358-3026,BBB Rating: A+,https://www.bbb.org/us/tn/memphis/profile/property-management/alco-management-inc-0543-24000191
"ALCO Management, Inc.","Property Management, Apartments","3707 Pershing Park Dr (Pershing Park Apartments),
Memphis, TN 38127-5430",(901) 357-7731,BBB Rating: A+,https://www.bbb.org/us/tn/memphis/profile/property-management/alco-management-inc-0543-24000191
"ALCO Management, Inc.","Property Management, Apartments","2818 Green Terrace Dr (Rolling Hills Apartments),
Memphis, TN 38127-8118",(901) 357-6824,BBB Rating: A+,https://www.bbb.org/us/tn/memphis/profile/property-management/alco-management-inc-0543-24000191
"ALCO Management, Inc.","Property Management, Apartments","1541 Northside Dr (Todd Creek Apartments),
Memphis, TN 38127-3810",(901) 353-4368,BBB Rating: A+,https://www.bbb.org/us/tn/memphis/profile/property-management/alco-management-inc-0543-24000191
Whitney Manor Apartments,Apartments,"3081 Saint Charles Dr Apt 3,
Memphis, TN 38127-7230",(901) 358-2128,BBB Rating: B-,https://www.bbb.org/us/tn/memphis/profile/apartments/whitney-manor-apartments-0543-44053260
"WI Memphis, LLC","Apartments, Property Management","1749 Gowan Dr,
Memphis, TN 38127-5509",(901) 614-4805,BBB Rating: A+,https://www.bbb.org/us/tn/memphis/profile/apartments/wi-memphis-llc-0543-44058998
"WI Memphis, LLC","Apartments, Property Management","1505 Rainey Drive,
Memphis, TN 38127",(901) 743-4982,BBB Rating: A+,https://www.bbb.org/us/tn/memphis/profile/apartments/wi-memphis-llc-0543-44058998
Casa Bonita Apartments,Apartments,"4236 Overton Crossing St,
Memphis, TN 38127-3416",(901) 201-4858,BBB Rating: B-,https://www.bbb.org/us/tn/memphis/profile/apartments/casa-bonita-apartments-0543-44123282
Beacon Manor Apartments,Apartments,"3923 Barbourville Dr,
Memphis, TN 38127-4169",(901) 353-7002,BBB Rating: A+,https://www.bbb.org/us/tn/memphis/profile/apartments/beacon-manor-apartments-0543-44049436
Range Line Place,Apartments,"3403 Range Line Rd,
Memphis, TN 38127-6848",(901) 358-8865,BBB Rating: NR,https://www.bbb.org/us/tn/memphis/profile/apartments/range-line-place-0543-44083914
Ridgecrest Apartments,Apartments,"2570 Woodcliff Dr,
Memphis, TN 38127-1200",(901) 353-4691,BBB Rating: A+,https://www.bbb.org/us/tn/memphis/profile/apartments/ridgecrest-apartments-0543-44067138
Annie's Townhomes,Apartments,"2603 Projest Dr.,
Memphis, TN 38127",(901) 357-1758,BBB Rating: F,https://www.bbb.org/us/tn/memphis/profile/apartments/annies-townhomes-0543-44081435
Westside Manor Apartments,Apartments,"931 frayser Blvd,
MEMPHIS, TN 38127",,BBB Rating: B+,https://www.bbb.org/us/tn/memphis/profile/apartments/westside-manor-apartments-0543-44181890
Renaissance of Steel Apartments,Apartments,"3085 Steal Street,
Memphis, TN 38127",(901) 244-2601,BBB Rating: D+,https://www.bbb.org/us/tn/memphis/profile/apartments/renaissance-of-steel-apartments-0543-44179726
Ascension Towers,Apartments,"3910 Stuart Rd,
Memphis, TN 38111",(901) 454-1108,BBB Rating: NR,https://www.bbb.org/us/tn/memphis/profile/apartments/ascension-towers-0543-44033119
The Nine at Memphis,Apartments,"3565 Mynders Ave,
Memphis, TN 38111-1647",(901) 480-4700,BBB Rating: F,https://www.bbb.org/us/tn/memphis/profile/apartments/the-nine-at-memphis-0543-44122720
Audubon Park Place Apartments,"Property Management, Apartments","939 Getwell Rd,
Memphis, TN 38111-7438",(901) 552-4039,BBB Rating: A+,https://www.bbb.org/us/tn/memphis/profile/property-management/audubon-park-place-apartments-0543-44046272
Sherwood Apartments,Apartments,"3667 Rhodes Ave,
Memphis, TN 38111",(901) 323-9839,BBB Rating: A+,https://www.bbb.org/us/tn/memphis/profile/apartments/sherwood-apartments-0543-44082005
"Fogelman Properties, Inc.","Property Management, Apartments, Real Estate Consultant","3204 Sharpe (Cherokee Cabana),
Memphis, TN 38111",(901) 744-8761,BBB Rating: A+,https://www.bbb.org/us/tn/memphis/profile/property-management/fogelman-properties-inc-0543-1144
Envolve Communities,"Property Management, Apartments","Highland Terrace 366 S Highland Street,
Memphis, TN 38111",(901) 435-7700,BBB Rating: A+,https://www.bbb.org/us/tn/memphis/profile/property-management/envolve-communities-0543-11834
Envolve Communities,"Property Management, Apartments","Mimosa Garden 461 S. Highland,
Memphis, TN 38111",(901) 327-9971,BBB Rating: A+,https://www.bbb.org/us/tn/memphis/profile/property-management/envolve-communities-0543-11834
Envolve Communities,"Property Management, Apartments","Williamsburg Manor 461 S. Highland,
Memphis, TN 38111",(901) 435-7700,BBB Rating: A+,https://www.bbb.org/us/tn/memphis/profile/property-management/envolve-communities-0543-11834
Envolve Communities,"Property Management, Apartments","Highlander 461 S. Highland,
Memphis, TN 38111",(901) 435-7700,BBB Rating: A+,https://www.bbb.org/us/tn/memphis/profile/property-management/envolve-communities-0543-11834
"ALCO Management, Inc.","Property Management, Apartments","3717 Robin Park Cir (Robinhood Park Apartments),
Memphis, TN 38111-6203",(901) 744-1650,BBB Rating: A+,https://www.bbb.org/us/tn/memphis/profile/property-management/alco-management-inc-0543-24000191
Commons at Brentwood,Apartments,"640 Aspire Ln,
Memphis, TN 38111",,BBB Rating: F,https://www.bbb.org/us/tn/memphis/profile/apartments/commons-at-brentwood-0543-44156473
The Stratum on Highland,Apartments,"510 S. Highland,
Memphis, TN 38111",(901) 324-2707,BBB Rating: A,https://www.bbb.org/us/tn/memphis/profile/apartments/the-stratum-on-highland-0543-44043106
"Wofford Realty,Co.",Apartments,"1918 Ezell St,
Memphis, TN 38111-7813",(901) 324-6484,BBB Rating: A+,https://www.bbb.org/us/tn/memphis/profile/apartments/wofford-realtyco-0543-44001848
"Wofford Realty,Co.",Apartments,"3333 Poplar Ave,
Memphis, TN 38111-4672",(901) 486-4791,BBB Rating: A+,https://www.bbb.org/us/tn/memphis/profile/apartments/wofford-realtyco-0543-44001848
The Willows,Apartments,"3969 Willow Cv,
Memphis, TN 38111-7160",,BBB Rating: A+,https://www.bbb.org/us/tn/memphis/profile/apartments/the-willows-0543-44119552
Harmony Park Apartments,Apartments,"3389 Steve Rd,
Memphis, TN 38111-4826",(901) 744-6011,BBB Rating: A+,https://www.bbb.org/us/tn/memphis/profile/apartments/harmony-park-apartments-0543-44067065
"WI Memphis, LLC","Apartments, Property Management","3389 Steve Rd,
Memphis, TN 38111-4825",(901) 614-4798,BBB Rating: A+,https://www.bbb.org/us/tn/memphis/profile/apartments/wi-memphis-llc-0543-44058998
"WI Memphis, LLC","Apartments, Property Management","641 Southern Oaks Pl Apt 1,
Memphis, TN 38111-4377",(901) 614-4824,BBB Rating: A+,https://www.bbb.org/us/tn/memphis/profile/apartments/wi-memphis-llc-0543-44058998
"WI Memphis, LLC","Apartments, Property Management","3439 Southern Ave Apt 1,
Memphis, TN 38111-4369",(901) 743-4982,BBB Rating: A+,https://www.bbb.org/us/tn/memphis/profile/apartments/wi-memphis-llc-0543-44058998
"Broadmoor Property Management, LLC","Property Management, Apartments","3092 Poplar Ave STE 17,
Memphis, TN 38111-3536",(901) 276-3607,BBB Rating: A+,https://www.bbb.org/us/tn/memphis/profile/property-management/broadmoor-property-management-llc-0543-44010778
Campus Heights,Apartments,"641 Southern Oaks Pl,
Memphis, TN 38111-8210",(901) 325-4088,BBB Rating: A+,https://www.bbb.org/us/tn/memphis/profile/apartments/campus-heights-0543-44072475
"My Management, LLC",Apartments,"1566 Stribling St,
Memphis, TN 38111-6324",(901) 345-1745,BBB Rating: F,https://www.bbb.org/us/tn/memphis/profile/apartments/my-management-llc-0543-44038454
Yugo Memphis Southern,Apartments,"3655 Southern Ave,
Memphis, TN 38111-5829",(901) 458-5580,BBB Rating: F,https://www.bbb.org/us/tn/memphis/profile/apartments/yugo-memphis-southern-0543-44124658
Glendale Apartments,"Senior Living, Apartments","3910 Stuart Rd,
Memphis, TN 38111-6520",(901) 454-1108,BBB Rating: A+,https://www.bbb.org/us/tn/memphis/profile/senior-living/glendale-apartments-0543-44151431
"Chasseur Realty Investors, LLC",Apartments,"371 N Highland St,
Memphis, TN 38122-4586",(901) 820-0410,BBB Rating: F,https://www.bbb.org/us/tn/memphis/profile/apartments/chasseur-realty-investors-llc-0543-44140743
Envolve Communities,"Property Management, Apartments","Blairhouse 491 N Highland St,
Memphis, TN 38122",(901) 452-2411,BBB Rating: A+,https://www.bbb.org/us/tn/memphis/profile/property-management/envolve-communities-0543-11834
Macon Manor Apartments,Apartments,"4517 Macon Rd,
Memphis, TN 38122-2116",(901) 682-9700,BBB Rating: NR,https://www.bbb.org/us/tn/memphis/profile/apartments/macon-manor-apartments-0543-44142335
"J.D. Marks, Inc., Realtors","Property Management, Apartments, Real Estate Consultant","3822 Summer Ave,
Memphis, TN 38122-5210",(901) 327-7800,BBB Rating: A+,https://www.bbb.org/us/tn/memphis/profile/property-management/jd-marks-inc-realtors-0543-1633
"J.D. Marks, Inc., Realtors","Property Management, Apartments, Real Estate Consultant","PO Box 22422,
Memphis, TN 38122-0422",(901) 327-7800,BBB Rating: A+,https://www.bbb.org/us/tn/memphis/profile/property-management/jd-marks-inc-realtors-0543-1633
"WI Memphis, LLC","Apartments, Property Management","810 Bartlett Rd,
Memphis, TN 38122-3010",(901) 614-4740,BBB Rating: A+,https://www.bbb.org/us/tn/memphis/profile/apartments/wi-memphis-llc-0543-44058998
Summer Grove Apartments,Apartments,"595 Cadraca Drive, #15,
Memphis, TN 38122",(901) 682-0864,BBB Rating: NR,https://www.bbb.org/us/tn/memphis/profile/apartments/summer-grove-apartments-0543-44066940
Grahamwood Place Apartments,Apartments,"4045 Summer Ave,
Memphis, TN 38122-5297",(901) 209-4069,BBB Rating: F,https://www.bbb.org/us/tn/memphis/profile/apartments/grahamwood-place-apartments-0543-44064994
Rose Investments,Apartments,"1088 National St Apt 9,
Memphis, TN 38122-3240",(901) 323-5282,BBB Rating: A+,https://www.bbb.org/us/tn/memphis/profile/apartments/rose-investments-0543-44010917
Winchester Grove Apartments,Apartments,"1305 Turkey Run Ln,
Memphis, TN 38116-3273",(901) 345-5200,BBB Rating: A-,https://www.bbb.org/us/tn/memphis/profile/apartments/winchester-grove-apartments-0543-44141723
Mill Creek Apartments,Apartments,"4537 Mill Stream Drive,
Memphis, TN 38116",(901) 345-9100,BBB Rating: F,https://www.bbb.org/us/tn/memphis/profile/apartments/mill-creek-apartments-0543-44074598
Bantam Springbrook Apartments,Apartments,"1360 springbrook ave,
Memphis tn, TN 38116",(901) 402-8889,BBB Rating: F,https://www.bbb.org/us/tn/memphis-tn/profile/apartments/bantam-springbrook-apartments-0543-44151202
Envolve Communities,"Property Management, Apartments","Hillcrest 4155 East Wind Drive #1,
Memphis, TN 38116",(901) 398-1378,BBB Rating: A+,https://www.bbb.org/us/tn/memphis/profile/property-management/envolve-communities-0543-11834
Envolve Communities,"Property Management, Apartments","The Posts 4485 Hudgins Road,
Memphis, TN 38116",(901) 398-4502,BBB Rating: A+,https://www.bbb.org/us/tn/memphis/profile/property-management/envolve-communities-0543-11834
Envolve Communities,"Property Management, Apartments","Oakshire Apartments 1717 Crimson Cir,
Memphis, TN 38116-9103",(901) 435-7700,BBB Rating: A+,https://www.bbb.org/us/tn/memphis/profile/property-management/envolve-communities-0543-11834
New Horizons Apartments,Apartments,"3619 Kingsgate Dr,
Memphis, TN 38116-4820",(901) 519-2377,BBB Rating: F,https://www.bbb.org/us/tn/memphis/profile/apartments/new-horizons-apartments-0543-44032219
"ALCO Management, Inc.","Property Management, Apartments","5459 Hudgins Rd (Presidential West Apartments),
Memphis, TN 38116-9365",(901) 346-6814,BBB Rating: A+,https://www.bbb.org/us/tn/memphis/profile/property-management/alco-management-inc-0543-24000191
The Birches Apartments,Apartments,"1466 Birch Bend Rd,
Memphis, TN 38116-3402",(901) 396-7551,BBB Rating: A+,https://www.bbb.org/us/tn/memphis/profile/apartments/the-birches-apartments-0543-44143008
Whitehaven Oaks Apartments,Apartments,"4179 Millbranch Rd,
Memphis, TN 38116-6747",(901) 348-9906,BBB Rating: NR,https://www.bbb.org/us/tn/memphis/profile/apartments/whitehaven-oaks-apartments-0543-35001414
Cambridge Bow Apartments,Apartments,"3357 W Winchester Pl,
Memphis, TN 38116-3361",(901) 332-4368,BBB Rating: A+,https://www.bbb.org/us/tn/memphis/profile/apartments/cambridge-bow-apartments-0543-44083019
"WI Memphis, LLC","Apartments, Property Management","1500 E Shelby Dr,
Memphis, TN 38116-7256",(901) 207-8490,BBB Rating: A+,https://www.bbb.org/us/tn/memphis/profile/apartments/wi-memphis-llc-0543-44058998
"WI Memphis, LLC","Apartments, Property Management","1043 Whitaker Dr,
Memphis, TN 38116-5559",(901) 614-4783,BBB Rating: A+,https://www.bbb.org/us/tn/memphis/profile/apartments/wi-memphis-llc-0543-44058998
"WI Memphis, LLC","Apartments, Property Management","1137 Whitaker Dr,
Memphis, TN 38116-5540",(901) 614-4829,BBB Rating: A+,https://www.bbb.org/us/tn/memphis/profile/apartments/wi-memphis-llc-0543-44058998
"WI Memphis, LLC","Apartments, Property Management","1760 Chancery St,
Memphis, TN 38116-8017",(901) 410-1113,BBB Rating: A+,https://www.bbb.org/us/tn/memphis/profile/apartments/wi-memphis-llc-0543-44058998
"WI Memphis, LLC","Apartments, Property Management","1984 Bonnie Dr,
Memphis, TN 38116-6009",(901) 614-4806,BBB Rating: A+,https://www.bbb.org/us/tn/memphis/profile/apartments/wi-memphis-llc-0543-44058998
Wilson Townhomes,Apartments,"4907 Autumn Leaf Dr,
Memphis, TN 38116-1100",(901) 365-8545,BBB Rating: NR,https://www.bbb.org/us/tn/memphis/profile/apartments/wilson-townhomes-0543-44082587
Shelby Pines Apartments,Apartments,"1760 Chancery St,
Memphis, TN 38116-8017",(901) 345-0660,BBB Rating: NR,https://www.bbb.org/us/tn/memphis/profile/apartments/shelby-pines-apartments-0543-44043184
Shelby Pines Apartments,Apartments,"4721 Brigidier St,
Memphis, TN 38116-8045",(901) 345-0660,BBB Rating: NR,https://www.bbb.org/us/tn/memphis/profile/apartments/shelby-pines-apartments-0543-44043184
Sunrise Terrace Apartment,Apartments,"2080 Winchester Rd #1,
Memphis, TN 38116",(901) 590-0731,BBB Rating: A+,https://www.bbb.org/us/tn/memphis/profile/apartments/sunrise-terrace-apartment-0543-44060755
Hunter Oaks,Apartments,"680 Woodstone Cir,
Memphis, TN 38116-3926",(901) 398-2945,BBB Rating: B-,https://www.bbb.org/us/tn/memphis/profile/apartments/hunter-oaks-0543-44065379
Charter Oaks Apartments,Apartments,"5473 Vander Oak Dr,
Memphis, TN 38116-8809",(901) 398-4036,BBB Rating: A+,https://www.bbb.org/us/tn/memphis/profile/apartments/charter-oaks-apartments-0543-44023698
Oakshire Downs Apartments & Townhomes,Apartments,"1717 Crimson Cir,
Memphis, TN 38116-9103",(901) 346-1660,BBB Rating: A+,https://www.bbb.org/us/tn/memphis/profile/apartments/oakshire-downs-apartments-townhomes-0543-44118851
Pine Tree Place Apartments,Apartments,"2160 Greengrass Cv Apt 6,
Memphis, TN 38116-7647",(901) 345-3612,BBB Rating: A+,https://www.bbb.org/us/tn/memphis/profile/apartments/pine-tree-place-apartments-0543-44003210
"My Management, LLC",Apartments,"3551 Dalebranch Dr,
Memphis, TN 38116-4505",(901) 345-1745,BBB Rating: F,https://www.bbb.org/us/tn/memphis/profile/apartments/my-management-llc-0543-44038454
"My Management, LLC",Apartments,"1770 Piping Rock Dr,
Memphis, TN 38116-6806",(901) 332-0472,BBB Rating: F,https://www.bbb.org/us/tn/memphis/profile/apartments/my-management-llc-0543-44038454
Highland Meadows Apartments,Apartments,"5001 Airways Blvd,
Memphis, TN 38116-8701",(901) 310-1935,BBB Rating: C-,https://www.bbb.org/us/tn/memphis/profile/apartments/highland-meadows-apartments-0543-44081750
Stone Gate Apartment Homes,Apartments,"4500 Stone Gate Dr,
Memphis, TN 38128-7011",(844) 739-9162,BBB Rating: NR,https://www.bbb.org/us/tn/memphis/profile/apartments/stone-gate-apartment-homes-0543-44114258
Lexington Apartments,Apartments,"4123 Aux Arms Dr,
Memphis, TN 38128",(901) 388-2970,BBB Rating: D+,https://www.bbb.org/us/tn/memphis/profile/apartments/lexington-apartments-0543-44178266
Ashton Hills,Apartments,"4183 Troost Dr,
Memphis, TN 38128-2218",(901) 388-0199,BBB Rating: C-,https://www.bbb.org/us/tn/memphis/profile/apartments/ashton-hills-0543-44010717
Avery Park Apartments,Apartments,"4845 Bontura Dr,
Memphis, TN 38128",(901) 386-1300,BBB Rating: A+,https://www.bbb.org/us/tn/memphis/profile/apartments/avery-park-apartments-0543-44073335
"Fogelman Properties, Inc.","Property Management, Apartments, Real Estate Consultant","4981 Hidden Lake Dr (The Summit),
Memphis, TN 38128",(833) 457-2355,BBB Rating: A+,https://www.bbb.org/us/tn/memphis/profile/property-management/fogelman-properties-inc-0543-1144
Envolve Communities,"Property Management, Apartments","Jennifer Meadows 4800 Raleigh Lagrange Rd,
Memphis, TN 38128",(901) 435-7700,BBB Rating: A+,https://www.bbb.org/us/tn/memphis/profile/property-management/envolve-communities-0543-11834
"ALCO Management, Inc.","Property Management, Apartments","4302 Creekwood Dr (Creekwood Village),
Memphis, TN 38128-5810",(901) 382-4970,BBB Rating: A+,https://www.bbb.org/us/tn/memphis/profile/property-management/alco-management-inc-0543-24000191
CedarWood Apartments,Apartments,"2880 Beverly Hills Rd,
Memphis, TN 38128-5806",(731) 224-8104,BBB Rating: A+,https://www.bbb.org/us/tn/memphis/profile/apartments/cedarwood-apartments-0543-44075072
Lutheran Village Condominium,Apartments,"3589 Covington Pike,
Memphis, TN 38128-3946",(901) 612-2060,BBB Rating: NR,https://www.bbb.org/us/tn/memphis/profile/apartments/lutheran-village-condominium-0543-15006076
"WI Memphis, LLC","Apartments, Property Management","3855 Jackson Ave,
Memphis, TN 38128-6601",(901) 440-2493,BBB Rating: A+,https://www.bbb.org/us/tn/memphis/profile/apartments/wi-memphis-llc-0543-44058998
"WI Memphis, LLC","Apartments, Property Management","3108 New Allen Rd,
Memphis, TN 38128-2906",(901) 614-4822,BBB Rating: A+,https://www.bbb.org/us/tn/memphis/profile/apartments/wi-memphis-llc-0543-44058998
Richard & Milton Grant LLC,Apartments,"1961 Covington Pike,
Memphis, TN 38128-6980",(901) 683-4422,BBB Rating: A+,https://www.bbb.org/us/tn/memphis/profile/apartments/richard-milton-grant-llc-0543-44015254
Keystone Landing Apartments,Apartments,"4266 Ridgestone Dr,
Memphis, TN 38128-1833",(901) 353-2884,BBB Rating: C+,https://www.bbb.org/us/tn/memphis/profile/apartments/keystone-landing-apartments-0543-44113156
The Regency At Raleigh,Apartments,"3670 Timberline Dr Apt 1,
Memphis, TN 38128-1139",(901) 729-7858,BBB Rating: D-,https://www.bbb.org/us/tn/memphis/profile/apartments/the-regency-at-raleigh-0543-44057781
The Regency At Raleigh,Apartments,"3670 Timberline Dr Apt 3,
Memphis, TN 38128-1139",(901) 729-7858,BBB Rating: D-,https://www.bbb.org/us/tn/memphis/profile/apartments/the-regency-at-raleigh-0543-44057781
Austin Pointe Apartments,Apartments,"2872 Coach Dr,
Memphis, TN 38128-5610",(901) 372-9309,BBB Rating: NR,https://www.bbb.org/us/tn/memphis/profile/apartments/austin-pointe-apartments-0543-44063075
Hunters Ridge Apartments,Apartments,"3108 New Allen Rd,
Memphis, TN 38128-2906",(901) 383-6600,BBB Rating: A+,https://www.bbb.org/us/tn/memphis/profile/apartments/hunters-ridge-apartments-0543-44072433
Huntington Hill's Apartment,Apartments,"2872 Coach Dr,
Memphis, TN 38128-5610",(901) 372-9309,BBB Rating: A+,https://www.bbb.org/us/tn/memphis/profile/apartments/huntington-hills-apartment-0543-44112116
Hilldale Apartments,Apartments,"3500 Westline Dr,
Memphis, TN 38128-2823",(901) 382-2400,BBB Rating: A-,https://www.bbb.org/us/tn/memphis/profile/apartments/hilldale-apartments-0543-44078369
Abington Apartments,Apartments,"4616 Scott Crossing Dr,
Memphis, TN 38128-6417",(901) 386-8707,BBB Rating: A,https://www.bbb.org/us/tn/memphis/profile/apartments/abington-apartments-0543-44083332
Grant Investment LLC,Apartments,"5022 Yale Rd,
Memphis, TN 38128",(901) 683-4422,BBB Rating: NR,https://www.bbb.org/us/tn/memphis/profile/apartments/grant-investment-llc-0543-44015253
Jennifer Meadows Apartments,Apartments,"4800 Raleigh Lagrange Rd,
Memphis, TN 38128-6050",(901) 386-8100,BBB Rating: C-,https://www.bbb.org/us/tn/memphis/profile/apartments/jennifer-meadows-apartments-0543-44027397
The Sunshine Corporation,"Property Management, Apartments","3990 Stephanie Ln (CountryView),
Memphis, TN 38128",(901) 386-6629,BBB Rating: A+,https://www.bbb.org/us/tn/memphis/profile/property-management/the-sunshine-corporation-0543-6721
Stonegate Apartments,Apartments,"4500 Stone Gate Dr,
Memphis, TN 38128-7011",(901) 372-1933,BBB Rating: C-,https://www.bbb.org/us/tn/memphis/profile/apartments/stonegate-apartments-0543-44168214
Fairway Apartments,Apartments,"630 Tulane Cv S,
Memphis, TN 38109-9006",(901) 346-3254,BBB Rating: F,https://www.bbb.org/us/tn/memphis/profile/apartments/fairway-apartments-0543-44153026
Fairway Manor Townhomes,Apartments,"108 Fairway Meadow Cir S,
Memphis, TN 38109-3984",(901) 425-4028,BBB Rating: A+,https://www.bbb.org/us/tn/memphis/profile/apartments/fairway-manor-townhomes-0543-44082074
Chapel Place Homes,Apartments,"5228 Whistling Duck Dr,
Memphis, TN 38109-7494",(901) 345-4067,BBB Rating: A+,https://www.bbb.org/us/tn/memphis/profile/apartments/chapel-place-homes-0543-44124316
"Makowsky Ringel Greenberg, LLC","Property Management, Apartments, Real Estate Rentals","3314 S Woodlake Cir,
Memphis, TN 38118-5876",(855) 982-3209,BBB Rating: A+,https://www.bbb.org/us/tn/memphis/profile/property-management/makowsky-ringel-greenberg-llc-0543-3304
"Chasseur Realty Investors, LLC",Apartments,"385 N Graham St,
Memphis, TN 38117-1504",(901) 820-0410,BBB Rating: F,https://www.bbb.org/us/tn/memphis/profile/apartments/chasseur-realty-investors-llc-0543-44140743
"H.M. Heckle & Company, Inc.","Property Management, Apartments, Real Estate Rentals","5140 Wheelis Dr,
Memphis, TN 38117-4520",(901) 755-3720,BBB Rating: A+,https://www.bbb.org/us/tn/memphis/profile/property-management/hm-heckle-company-inc-0543-6815
"H.M. Heckle & Company, Inc.","Property Management, Apartments, Real Estate Rentals","5480 Poplar Ave(Colonial Apartments),
Memphis, TN 38117",(901) 761-0655,BBB Rating: A+,https://www.bbb.org/us/tn/memphis/profile/property-management/hm-heckle-company-inc-0543-6815
"H.M. Heckle & Company, Inc.","Property Management, Apartments, Real Estate Rentals","4515 Poplar Ave(Grove Park Center Commercial),
Memphis, TN 38117",(901) 761-0655,BBB Rating: A+,https://www.bbb.org/us/tn/memphis/profile/property-management/hm-heckle-company-inc-0543-6815
Envolve Communities,"Property Management, Apartments","Mendenhall Gardens 553 N Mendenhall Rd,
Memphis, TN 38117",(901) 435-7700,BBB Rating: A+,https://www.bbb.org/us/tn/memphis/profile/property-management/envolve-communities-0543-11834
Envolve Communities,"Property Management, Apartments","555 Perkins Ext Ste 200,
Memphis, TN 38117-4410",(901) 435-7700,BBB Rating: A+,https://www.bbb.org/us/tn/memphis/profile/property-management/envolve-communities-0543-11834
Stone Ridge Apartments,Apartments,"5555 Perkins Extd, Ste 200,
Memphis, TN 38117",(423) 822-0660,BBB Rating: A+,https://www.bbb.org/us/tn/chattanooga/profile/apartments/stone-ridge-apartments-0483-40033166
Brunswick Gardens Apartment,Apartments,"540 N Mendenhall Rd,
Memphis, TN 38117",(901) 602-2622,BBB Rating: NR,https://www.bbb.org/us/tn/memphis/profile/apartments/brunswick-gardens-apartment-0543-44110909
"WI Memphis, LLC","Apartments, Property Management","PO Box 770627,
Memphis, TN 38177-0627",(901) 743-4982,BBB Rating: A+,https://www.bbb.org/us/tn/memphis/profile/apartments/wi-memphis-llc-0543-44058998
Campus Heights,Apartments,"PO Box 770827,
Memphis, TN 38177",(901) 325-4088,BBB Rating: A+,https://www.bbb.org/us/tn/memphis/profile/apartments/campus-heights-0543-44072475
Madison Apartment Group,Apartments,"5050 Poplar Ave Ste 1107,
Memphis, TN 38157-1107",(215) 606-0600,BBB Rating: D-,https://www.bbb.org/us/pa/philadelphia/profile/apartments/madison-apartment-group-0241-180015313
The Vue at Claudette,Apartments,"2718 Claudette Road,
Memphis, TN 38118",(901) 563-1336,BBB Rating: F,https://www.bbb.org/us/tn/memphis/profile/apartments/the-vue-at-claudette-0543-44181935
Envolve Communities,"Property Management, Apartments","Lamar Crossing Apartments 2010 Meadowlarke Run,
Memphis, TN 38118",(901) 744-3510,BBB Rating: A+,https://www.bbb.org/us/tn/memphis/profile/property-management/envolve-communities-0543-11834
Envolve Communities,"Property Management, Apartments","Camelot Manor 3151 Ashwood St,
Memphis, TN 38118-3945",(901) 435-7700,BBB Rating: A+,https://www.bbb.org/us/tn/memphis/profile/property-management/envolve-communities-0543-11834
Woodlake Apartments,Apartments,"3314 S Woodlake Cir,
Memphis, TN 38118",(901) 362-2960,BBB Rating: NR,https://www.bbb.org/us/tn/memphis/profile/apartments/woodlake-apartments-0543-44178574
Windsor Place Apartments,Apartments,"5267 Knight Arnold Rd,
Memphis, TN 38118-3540",(901) 362-2300,BBB Rating: A+,https://www.bbb.org/us/tn/memphis/profile/apartments/windsor-place-apartments-0543-44023487
Dogwood Trace Apartments,Apartments,"4635 Forest Oak Way,
Memphis, TN 38118-5219",(901) 362-0475,BBB Rating: NR,https://www.bbb.org/us/tn/memphis/profile/apartments/dogwood-trace-apartments-0543-44113132
"WI Memphis, LLC","Apartments, Property Management","5294 Cottonwood Rd Ste 2,
Memphis, TN 38118-2629",(901) 743-4982,BBB Rating: A+,https://www.bbb.org/us/tn/memphis/profile/apartments/wi-memphis-llc-0543-44058998
"WI Memphis, LLC","Apartments, Property Management","2973 Getwell Rd., Apt.3,
Memphis, TN 38118-2233",(901) 201-5958,BBB Rating: A+,https://www.bbb.org/us/tn/memphis/profile/apartments/wi-memphis-llc-0543-44058998
"WI Memphis, LLC","Apartments, Property Management","2715 Cherry Rd,
Memphis, TN 38118-0204",(901) 290-7716,BBB Rating: A+,https://www.bbb.org/us/tn/memphis/profile/apartments/wi-memphis-llc-0543-44058998
"WI Memphis, LLC","Apartments, Property Management","4544 Willow Creek Dr,
Memphis, TN 38118-5146",(901) 410-1139,BBB Rating: A+,https://www.bbb.org/us/tn/memphis/profile/apartments/wi-memphis-llc-0543-44058998
Saddle Vineyard,Apartments,"3716 Winchester Rd,
Memphis, TN 38118-5900",(901) 375-4352,BBB Rating: NR,https://www.bbb.org/us/tn/memphis/profile/apartments/saddle-vineyard-0543-44044150
Eden Pointe Apartments,Apartments,"3187 E Danville Cir,
Memphis, TN 38118-4182",(602) 885-0602,BBB Rating: F,https://www.bbb.org/us/tn/memphis/profile/apartments/eden-pointe-apartments-0543-44045926
Eastwood Park Apartments,Apartments,"2973 Getwell Rd STE 3,
Memphis, TN 38118-2233",(901) 363-5807,BBB Rating: A+,https://www.bbb.org/us/tn/memphis/profile/apartments/eastwood-park-apartments-0543-44072532
Cottonwood Apartments,Apartments,"4653 Cotton Dr,
Memphis, TN 38118",(901) 360-8400,BBB Rating: F,https://www.bbb.org/us/tn/memphis/profile/apartments/cottonwood-apartments-0543-44170072
"My Management, LLC",Apartments,"4653 Cotton Dr,
Memphis, TN 38118-2308",(901) 345-1745,BBB Rating: F,https://www.bbb.org/us/tn/memphis/profile/apartments/my-management-llc-0543-44038454
Villas at Willow Creek,Apartments,"3536 Emily Elizabeth Dr,
Memphis, TN 38118",(901) 590-0104,BBB Rating: A+,https://www.bbb.org/us/tn/memphis/profile/apartments/villas-at-willow-creek-0543-44016355
Villas at Willow Creek,Apartments,"4500 Water Tree Dr,
Memphis, TN 38118-5133",(901) 590-0104,BBB Rating: A+,https://www.bbb.org/us/tn/memphis/profile/apartments/villas-at-willow-creek-0543-44016355
Corner Park Apartments,Apartments,"4150 Winchester Rd,
Memphis, TN 38118-5048",(901) 623-3045,BBB Rating: A+,https://www.bbb.org/us/tn/memphis/profile/apartments/corner-park-apartments-0543-44075778
Flairwood Apartments,Apartments,"4361 tchulahoma road,
memphis, TN 38118",(901) 748-5591,BBB Rating: A+,https://www.bbb.org/us/tn/memphis/profile/apartments/flairwood-apartments-0543-44079063
Pine Brook Point,Apartments,"3541 Mediterranean Drive,
Memphis, TN 38118",(901) 365-7160,BBB Rating: F,https://www.bbb.org/us/tn/memphis/profile/apartments/pine-brook-point-0543-44078683
River City Heights Townhomes,Apartments,"3716 Winchester Rd,
Memphis, TN 38118",(901) 365-0985,BBB Rating: A+,https://www.bbb.org/us/tn/memphis/profile/apartments/river-city-heights-townhomes-0543-44141335
Kensington Manor Apartments,"Apartments, Property Management, Construction Management ...","3896 Chippewa Rd,
Memphis, TN 38118",(305) 867-2245,BBB Rating: A,https://www.bbb.org/us/tn/memphis/profile/apartments/kensington-manor-apartments-0543-44009525?addressId=13813
"H.M. Heckle & Company, Inc.","Property Management, Apartments, Real Estate Rentals","2174 Westchester Dr (Sycamore Lake Apartment),
Memphis, TN 38134",(901) 761-0655,BBB Rating: A+,https://www.bbb.org/us/tn/memphis/profile/property-management/hm-heckle-company-inc-0543-6815
Summer Trace Apartments,Apartments,"6015 Summer Trace,
Memphis, TN 38134",(901) 612-2369,BBB Rating: A+,https://www.bbb.org/us/tn/memphis/profile/apartments/summer-trace-apartments-0543-44066689
Tanglewood Apartments,Apartments,"5770 Tangle Oaks Dr,
Mempis, TN 38134",(901) 382-0060,BBB Rating: A-,https://www.bbb.org/us/tn/mempis/profile/apartments/tanglewood-apartments-0543-44156563
The Village of Sycamore Ridge,Apartments,"1945 Everett Folly,
Memphis, TN 38134",(901) 388-8742,BBB Rating: A+,https://www.bbb.org/us/tn/memphis/profile/apartments/the-village-of-sycamore-ridge-0543-44067724
Canterbury Wood Apartments,Apartments,"6520 Macon Rd,
Memphis, TN 38134-7528",(901) 388-5369,BBB Rating: A-,https://www.bbb.org/us/tn/memphis/profile/apartments/canterbury-wood-apartments-0543-44140739
Preservation of Affordability,Apartments,"2165 E River Trace Dr,,
Memphis, TN 38134",(901) 377-3865,BBB Rating: A+,https://www.bbb.org/us/tn/cordova/profile/apartments/preservation-of-affordability-0543-44054200
Shelby Grove Apartments,Apartments,"6357 Shelby Briar Dr,
Memphis, TN 38134-3912",(901) 979-9656,BBB Rating: A+,https://www.bbb.org/us/tn/memphis/profile/apartments/shelby-grove-apartments-0543-44118712
Grant Investment LLC,Apartments,"1835 Sycamore View Rd,
Bartlett, TN 38134",(901) 683-4422,BBB Rating: NR,https://www.bbb.org/us/tn/memphis/profile/apartments/grant-investment-llc-0543-44015253
The Sunshine Corporation,"Property Management, Apartments","6081 Hwy 70 (The Glen),
Memphis, TN 38134",(901) 382-2994,BBB Rating: A+,https://www.bbb.org/us/tn/memphis/profile/property-management/the-sunshine-corporation-0543-6721
The Sunshine Corporation,"Property Management, Apartments","1970 Sycamore Heights Ln (Edgewater),
Memphis, TN 38134",(901) 388-6890,BBB Rating: A+,https://www.bbb.org/us/tn/memphis/profile/property-management/the-sunshine-corporation-0543-6721
"Bell Partners, Inc.","Property Management, Apartments","1300 Lynnfield Rd,
Memphis, TN 38119-5740",(336) 232-1900,BBB Rating: NR,https://www.bbb.org/us/nc/greensboro/profile/property-management/bell-partners-inc-0503-4006931
"H.M. Heckle & Company, Inc.","Property Management, Apartments, Real Estate Rentals","Yates & Mason(Condos),
Memphis, TN 38120",(901) 761-0655,BBB Rating: A+,https://www.bbb.org/us/tn/memphis/profile/property-management/hm-heckle-company-inc-0543-6815
"Fogelman Properties, Inc.","Property Management, Apartments, Real Estate Consultant","1730 Hunters Trace Dr (The Edge at Germantown),
Memphis, TN 38120",(833) 279-2674,BBB Rating: A+,https://www.bbb.org/us/tn/memphis/profile/property-management/fogelman-properties-inc-0543-1144
"Fogelman Properties, Inc.","Property Management, Apartments, Real Estate Consultant","330 N Humphreys Blvd (Madison Shelby Farms),
Memphis, TN 38120",(833) 413-7832,BBB Rating: A+,https://www.bbb.org/us/tn/memphis/profile/property-management/fogelman-properties-inc-0543-1144
MAA,"Property Management, Apartments, Real Estate Rentals","6653 N Quail Hollow,
Memphis, TN 38120",(866) 620-1130,BBB Rating: A+,https://www.bbb.org/us/tn/germantown/profile/property-management/maa-0543-31000112
The District,Apartments,"1661 International Place Dr STE 400,
Memphis, TN 38120-1431",(904) 570-4359,BBB Rating: A,https://www.bbb.org/us/tn/memphis/profile/apartments/the-district-0543-44156866
Richard & Milton Grant LLC,Apartments,"1655 International Dr STE 101,
Memphis, TN 38120-1434",(901) 683-4422,BBB Rating: A+,https://www.bbb.org/us/tn/memphis/profile/apartments/richard-milton-grant-llc-0543-44015254
"Apartment Management Group, LLC",Apartments,"825 Valleybrook Dr,
Memphis, TN 38120-2767",(901) 761-3333,BBB Rating: A+,https://www.bbb.org/us/tn/memphis/profile/apartments/apartment-management-group-llc-0543-44010434
Arbors River Oaks,Apartments,"225 Arbor Commons Cir,
Memphis, TN 38120-2656",(844) 366-6359,BBB Rating: A+,https://www.bbb.org/us/tn/memphis/profile/apartments/arbors-river-oaks-0543-44048667
Grant Investment LLC,Apartments,"1655 International Dr Ste 101,
Memphis, TN 38120-1434",(901) 683-4422,BBB Rating: NR,https://www.bbb.org/us/tn/memphis/profile/apartments/grant-investment-llc-0543-44015253
Corvallis OR Student Housing Owner LLC,"Apartments, Property Management, Student Housing","999 Shady Grove Rd S Ste 600,
Memphis, TN 38120-4130",(901) 259-2500,BBB Rating: B-,https://www.bbb.org/us/or/corvallis/profile/apartments/corvallis-or-student-housing-owner-llc-1296-1000021472
Hickory Forest Apartments,Apartments,"3920 Hickory Hill Rd,
Memphis, TN 38115",(901) 365-9741,BBB Rating: C,https://www.bbb.org/us/tn/memphis/profile/apartments/hickory-forest-apartments-0543-31001877
"H.M. Heckle & Company, Inc.","Property Management, Apartments, Real Estate Rentals","5659 Cortez Cove(Hamlets Condos),
Memphis, TN 38115",(901) 761-0655,BBB Rating: A+,https://www.bbb.org/us/tn/memphis/profile/property-management/hm-heckle-company-inc-0543-6815
The Crossings at Fox Meadows,Apartments,"2894 Putting Green Cv,
Memphis, TN 38115-2191",(901) 362-7270,BBB Rating: A+,https://www.bbb.org/us/tn/memphis/profile/apartments/the-crossings-at-fox-meadows-0543-44034044
The Residences at Lakeview,Apartments,"2774 S Mendenhall Rd,
Memphis, TN 38115-1725",(844) 792-2664,BBB Rating: F,https://www.bbb.org/us/tn/memphis/profile/apartments/the-residences-at-lakeview-0543-44158002
Envolve Communities,"Property Management, Apartments","The Boulevard Apartments 3860 Eaglewood Dr.,
Memphis, TN 38115",(901) 546-9669,BBB Rating: A+,https://www.bbb.org/us/tn/memphis/profile/property-management/envolve-communities-0543-11834
Envolve Communities,"Property Management, Apartments","Autumn Ridge 3888 Autumn Ridge Court,
Memphis, TN 38115",(901) 546-0900,BBB Rating: A+,https://www.bbb.org/us/tn/memphis/profile/property-management/envolve-communities-0543-11834
Envolve Communities,"Property Management, Apartments","Country Oaks 6555 North Country Oaks Circle,
Memphis, TN 38115",(901) 435-7700,BBB Rating: A+,https://www.bbb.org/us/tn/memphis/profile/property-management/envolve-communities-0543-11834
Thirty94 Apartments,Apartments,"3094 Autumnwood Ave.,
Memphis, TN 38115",(901) 795-5833,BBB Rating: F,https://www.bbb.org/us/tn/memphis/profile/apartments/thirty94-apartments-0543-44150742
The Boulevard,Apartments,"3860 Eaglewood Dr,
Memphis, TN 38115",(901) 546-9669,BBB Rating: F,https://www.bbb.org/us/tn/memphis/profile/apartments/the-boulevard-0543-44157564
Arbors of Hickory Ridge,Apartments,"6296 Lake View Trl,
Memphis, TN 38115-3455",(901) 365-4231,BBB Rating: F,https://www.bbb.org/us/tn/memphis/profile/apartments/arbors-of-hickory-ridge-0543-44047049
Cedar Run Apartments,Apartments,"5958 E Point Dr,
Memphis, TN 38115",(901) 365-0421,BBB Rating: A,https://www.bbb.org/us/tn/memphis/profile/apartments/cedar-run-apartments-0543-44153806
The Landing Apartments,Apartments,"6787 S Landing Way,
Memphis, TN 38115-4375",(901) 795-6395,BBB Rating: C,https://www.bbb.org/us/tn/memphis/profile/apartments/the-landing-apartments-0543-44122442
Ridgewyck Apartments,Apartments,"6114 Ridgewyck Dr,
Memphis, TN 38115-3308",(901) 362-1085,BBB Rating: F,https://www.bbb.org/us/tn/memphis/profile/apartments/ridgewyck-apartments-0543-44049932
Country Oaks Apartments,Apartments,"6555 N Country Oaks Cir,
Memphis, TN 38115-5262",(901) 365-7452,BBB Rating: A+,https://www.bbb.org/us/tn/memphis/profile/apartments/country-oaks-apartments-0543-44066321
The District,Apartments,"6420 Knight Arnold Road,
Memphis, TN 38115",(904) 570-4359,BBB Rating: A,https://www.bbb.org/us/tn/memphis/profile/apartments/the-district-0543-44156866
The Park at Paisley,Apartments,"3315 Ridgeway Rd,
Memphis, TN 38115-4024",(901) 546-9800,BBB Rating: F,https://www.bbb.org/us/tn/memphis/profile/apartments/the-park-at-paisley-0543-44153486
The Trails at Mt. Moriah,Apartments,"3048 Moriah Trl,
Memphis, TN 38115-0679",(901) 367-0900,BBB Rating: A,https://www.bbb.org/us/tn/memphis/profile/apartments/the-trails-at-mt-moriah-0543-44120390
Emerald Park Apartments,Apartments,"3338 Summer Pl Ln,
Memphis, TN 38115",(901) 365-2750,BBB Rating: D+,https://www.bbb.org/us/tn/memphis/profile/apartments/emerald-park-apartments-0543-44177974
Hickory Farms Apartments,Apartments,"3822 Hickory Farms Dr,
Memphis, TN 38115-6355",,BBB Rating: F,https://www.bbb.org/us/tn/memphis/profile/apartments/hickory-farms-apartments-0543-44038310
The Reserve at Mt. Moriah,Apartments,"2778 Pickering Drive,
Memphis, TN 38115",(844) 872-9851,BBB Rating: A+,https://www.bbb.org/us/tn/memphis/profile/apartments/the-reserve-at-mt-moriah-0543-44065527
The Enclave,Apartments,"2940 Hickory Hill RD,
Memphis, TN 38115",(731) 236-8010,BBB Rating: F,https://www.bbb.org/us/tn/memphis/profile/apartments/the-enclave-0543-44074222
"Legacy Property Investors, LLC",Apartments,"6395 Thistlebrook Dr,
Memphis, TN 38115",(901) 480-2309,BBB Rating: A+,https://www.bbb.org/us/tn/memphis/profile/apartments/legacy-property-investors-llc-0543-44082364
Providence Place,Apartments,"6420 Knight Arnold Rd,
Memphis, TN 38115",(901) 794-5225,BBB Rating: A+,https://www.bbb.org/us/tn/memphis/profile/apartments/providence-place-0543-44018576
Cinnamon Trails,Apartments,"3251 Knight Trails Cir,
Memphis, TN 38115-3799",(901) 362-8775,BBB Rating: NR,https://www.bbb.org/us/tn/memphis/profile/apartments/cinnamon-trails-0543-44016987
The Woods at Ridgeway,Apartments,"6277 Lake Arbor Dr,
Memphis, TN 38115-3483",(901) 367-2788,BBB Rating: A+,https://www.bbb.org/us/tn/memphis/profile/apartments/the-woods-at-ridgeway-0543-44046716
Mateo Square Apartments,Apartments,"5111 Ridgeway Blvd,
Memphis, TN 38115",(901) 365-6111,BBB Rating: NR,https://www.bbb.org/us/tn/memphis/profile/apartments/mateo-square-apartments-0543-44075553
The Sunshine Corporation,"Property Management, Apartments","6332 E Village Grove Pl (Ridgeway Terrace),
Memphis, TN 38115",(901) 794-6734,BBB Rating: A+,https://www.bbb.org/us/tn/memphis/profile/property-management/the-sunshine-corporation-0543-6721
Stonebrook Apartments,Apartments,"6371 Winchester Rd,
Memphis, TN 38115",(901) 308-2580,BBB Rating: F,https://www.bbb.org/us/tn/memphis/profile/apartments/stonebrook-apartments-0543-44078805
Parc 1346 Apartment Homes - Fogleman,Apartments,"6060 Poplar Ave #200,
Memphis, TN 38119",(423) 402-8160,BBB Rating: C+,https://www.bbb.org/us/tn/chattanooga/profile/apartments/parc-1346-apartment-homes-fogleman-0483-37001047
The Dream Apartments,Apartments,"7885 Silver Spur Cir N,
Memphis, TN 38119-1001",(901) 425-9980,BBB Rating: A,https://www.bbb.org/us/tn/memphis/profile/apartments/the-dream-apartments-0543-44168477
Vantage at Germantown,Apartments,"7885 Silver Spur Cir N,
Memphis, TN 38119-1001",(901) 425-9980,BBB Rating: A+,https://www.bbb.org/us/tn/memphis/profile/apartments/vantage-at-germantown-0543-44153266
"H.M. Heckle & Company, Inc.","Property Management, Apartments, Real Estate Rentals","1867 Poplar Ave (Poplar Pines Apartment),
Memphis, TN 38119",(901) 761-0655,BBB Rating: A+,https://www.bbb.org/us/tn/memphis/profile/property-management/hm-heckle-company-inc-0543-6815
"H.M. Heckle & Company, Inc.","Property Management, Apartments, Real Estate Rentals","1867 Poplar Pines Dr (Poplar Pines/PPWest Apt),
Memphis, TN 38119",(901) 761-0655,BBB Rating: A+,https://www.bbb.org/us/tn/memphis/profile/property-management/hm-heckle-company-inc-0543-6815
"Fogelman Properties, Inc.","Property Management, Apartments, Real Estate Consultant","6060 Poplar Ave Ste 200,
Memphis, TN 38119-3959",(901) 767-6500,BBB Rating: A+,https://www.bbb.org/us/tn/memphis/profile/property-management/fogelman-properties-inc-0543-1144
MAA,"Property Management, Apartments, Real Estate Rentals","960 Catbird Ct,
Memphis, TN 38119",(866) 620-1130,BBB Rating: A+,https://www.bbb.org/us/tn/germantown/profile/property-management/maa-0543-31000112
"Heritage Hamilton Apartments, LLC",Apartments,"5350 Poplar Ave,
Memphis, TN 38119-3699",(423) 634-3006,BBB Rating: A+,https://www.bbb.org/us/tn/chattanooga/profile/apartments/heritage-hamilton-apartments-llc-0483-40108152
"Heritage Hamilton Apartments, LLC",Apartments,"6263 Poplar Ave STE 940,
Memphis, TN 38119-4774",(423) 634-3006,BBB Rating: A+,https://www.bbb.org/us/tn/chattanooga/profile/apartments/heritage-hamilton-apartments-llc-0483-40108152
"Maclellan Apartments, LLC",Apartments,"5350 Poplar Ave STE 730,
Memphis, TN 38119-3697",(423) 498-2106,BBB Rating: A+,https://www.bbb.org/us/tn/chattanooga/profile/apartments/maclellan-apartments-llc-0483-40108154
"Maclellan Apartments, LLC",Apartments,"6263 Poplar Ave STE 940,
Memphis, TN 38119-4774",(423) 498-2106,BBB Rating: A+,https://www.bbb.org/us/tn/chattanooga/profile/apartments/maclellan-apartments-llc-0483-40108154
Tree Haven Glenn Apartments,Apartments,"6075 Poplar Ave STE 630,
Memphis, TN 38119-4702",(256) 881-6201,BBB Rating: A+,https://www.bbb.org/us/al/huntsville/profile/apartments/tree-haven-glenn-apartments-0513-900089241
Courts at Waterford Place,Apartments,"5545 Murray Ave 3rd FL,
Memphis, TN 38119",(901) 435-9300,BBB Rating: A-,https://www.bbb.org/us/tn/chattanooga/profile/apartments/courts-at-waterford-place-0483-31000023
Richard & Milton Grant LLC,Apartments,"7542 Legacy Drive,
Memphis, TN 38119",(901) 755-8480,BBB Rating: A+,https://www.bbb.org/us/tn/memphis/profile/apartments/richard-milton-grant-llc-0543-44015254
Ridgeway Holdings LLC,Apartments,"6033 Bangalore Ct,
Memphis, TN 38119-7200",(901) 767-1830,BBB Rating: F,https://www.bbb.org/us/tn/memphis/profile/apartments/ridgeway-holdings-llc-0543-44123958
"Apartment Management Group, LLC",Apartments,"5264 Poplar Ave,
Memphis, TN 38119",(901) 761-3333,BBB Rating: A+,https://www.bbb.org/us/tn/memphis/profile/apartments/apartment-management-group-llc-0543-44010434
